benchmark_corpus_size,table_row_count,query_benchmark_course_id,query_course_unit_code,query_course_name,repeat_index,top_k,returned_row_count,top_result_benchmark_course_id,top_result_course_unit_code,top_result_course_name,top_result_similarity_score,elapsed_ms
50,50,TT00CD81,TT00CD81,Databases,1,10,10,TT00CD81__R000,TT00CD81,Databases,1.0,192.88619997678325
50,50,TT00CD81,TT00CD81,Databases,2,10,10,TT00CD81__R000,TT00CD81,Databases,1.0,160.6917000026442
50,50,TT00CD81,TT00CD81,Databases,3,10,10,TT00CD81__R000,TT00CD81,Databases,1.0,242.7760999999009
50,50,TT00CD81,TT00CD81,Databases,4,10,10,TT00CD81__R000,TT00CD81,Databases,1.0,174.14829996414483
50,50,TT00CD81,TT00CD81,Databases,5,10,10,TT00CD81__R000,TT00CD81,Databases,1.0,180.00649998430163
50,50,TT00CE17,TT00CE17,Web Application Security Testing,1,10,10,TT00CE17__R000,TT00CE17,Web Application Security Testing,1.0,230.51790002500638
50,50,TT00CE17,TT00CE17,Web Application Security Testing,2,10,10,TT00CE17__R000,TT00CE17,Web Application Security Testing,1.0,179.9732000217773
50,50,TT00CE17,TT00CE17,Web Application Security Testing,3,10,10,TT00CE17__R000,TT00CE17,Web Application Security Testing,1.0,121.9101999886334
50,50,TT00CE17,TT00CE17,Web Application Security Testing,4,10,10,TT00CE17__R000,TT00CE17,Web Application Security Testing,1.0,145.64429997699335
50,50,TT00CE17,TT00CE17,Web Application Security Testing,5,10,10,TT00CE17__R000,TT00CE17,Web Application Security Testing,1.0,198.47239996306598
50,50,TT00CE02,TT00CE02,Machine Learning: Regression Methods,1,10,10,TT00CE02__R000,TT00CE02,Machine Learning: Regression Methods,1.0,174.45900000166148
50,50,TT00CE02,TT00CE02,Machine Learning: Regression Methods,2,10,10,TT00CE02__R000,TT00CE02,Machine Learning: Regression Methods,1.0,160.34190001664683
50,50,TT00CE02,TT00CE02,Machine Learning: Regression Methods,3,10,10,TT00CE02__R000,TT00CE02,Machine Learning: Regression Methods,1.0,135.43259998550639
50,50,TT00CE02,TT00CE02,Machine Learning: Regression Methods,4,10,10,TT00CE02__R000,TT00CE02,Machine Learning: Regression Methods,1.0,201.98640000307932
50,50,TT00CE02,TT00CE02,Machine Learning: Regression Methods,5,10,10,TT00CE02__R000,TT00CE02,Machine Learning: Regression Methods,1.0,132.43230001535267
50,50,TT00DB42,TT00DB42,Data Structures and Algorithms,1,10,10,TT00DB42__R000,TT00DB42,Data Structures and Algorithms,1.0,137.17160001397133
50,50,TT00DB42,TT00DB42,Data Structures and Algorithms,2,10,10,TT00DB42__R000,TT00DB42,Data Structures and Algorithms,1.0,168.65429998142645
50,50,TT00DB42,TT00DB42,Data Structures and Algorithms,3,10,10,TT00DB42__R000,TT00DB42,Data Structures and Algorithms,1.0,147.30320003582165
50,50,TT00DB42,TT00DB42,Data Structures and Algorithms,4,10,10,TT00DB42__R000,TT00DB42,Data Structures and Algorithms,1.0,131.78830000106245
50,50,TT00DB42,TT00DB42,Data Structures and Algorithms,5,10,10,TT00DB42__R000,TT00DB42,Data Structures and Algorithms,1.0,131.7226000246592
50,50,TT00CD86,TT00CD86,Cyber Security,1,10,10,TT00CD86__R000,TT00CD86,Cyber Security,1.0,126.25169998500496
50,50,TT00CD86,TT00CD86,Cyber Security,2,10,10,TT00CD86__R000,TT00CD86,Cyber Security,1.0,121.1466999957338
50,50,TT00CD86,TT00CD86,Cyber Security,3,10,10,TT00CD86__R000,TT00CD86,Cyber Security,1.0,143.52519996464252
50,50,TT00CD86,TT00CD86,Cyber Security,4,10,10,TT00CD86__R000,TT00CD86,Cyber Security,1.0,164.48789997957647
50,50,TT00CD86,TT00CD86,Cyber Security,5,10,10,TT00CD86__R000,TT00CD86,Cyber Security,1.0,140.96990000689402
50,50,TT00DS73,TT00DS73,Front-End Development,1,10,10,TT00DS73__R000,TT00DS73,Front-End Development,1.0,130.30189997516572
50,50,TT00DS73,TT00DS73,Front-End Development,2,10,10,TT00DS73__R000,TT00DS73,Front-End Development,1.0,148.81410001544282
50,50,TT00DS73,TT00DS73,Front-End Development,3,10,10,TT00DS73__R000,TT00DS73,Front-End Development,1.0,136.858600017149
50,50,TT00DS73,TT00DS73,Front-End Development,4,10,10,TT00DS73__R000,TT00DS73,Front-End Development,1.0,158.441599982325
50,50,TT00DS73,TT00DS73,Front-End Development,5,10,10,TT00DS73__R000,TT00DS73,Front-End Development,1.0,156.47600003285334
50,50,TT00CD98,TT00CD98,Mathematical Foundations of Machine Learning,1,10,10,TT00CD98__R000,TT00CD98,Mathematical Foundations of Machine Learning,1.0,147.4074000143446
50,50,TT00CD98,TT00CD98,Mathematical Foundations of Machine Learning,2,10,10,TT00CD98__R000,TT00CD98,Mathematical Foundations of Machine Learning,1.0,130.65250002546236
50,50,TT00CD98,TT00CD98,Mathematical Foundations of Machine Learning,3,10,10,TT00CD98__R000,TT00CD98,Mathematical Foundations of Machine Learning,1.0,183.57580003794283
50,50,TT00CD98,TT00CD98,Mathematical Foundations of Machine Learning,4,10,10,TT00CD98__R000,TT00CD98,Mathematical Foundations of Machine Learning,1.0,148.78119999775663
50,50,TT00CD98,TT00CD98,Mathematical Foundations of Machine Learning,5,10,10,TT00CD98__R000,TT00CD98,Mathematical Foundations of Machine Learning,1.0,142.9962000111118
50,50,TT00CD96,TT00CD96,Graphics Programming,1,10,10,TT00CD96__R000,TT00CD96,Graphics Programming,1.0,164.7370999562554
50,50,TT00CD96,TT00CD96,Graphics Programming,2,10,10,TT00CD96__R000,TT00CD96,Graphics Programming,1.0,152.54099998855963
50,50,TT00CD96,TT00CD96,Graphics Programming,3,10,10,TT00CD96__R000,TT00CD96,Graphics Programming,1.0,133.90010001603514
50,50,TT00CD96,TT00CD96,Graphics Programming,4,10,10,TT00CD96__R000,TT00CD96,Graphics Programming,1.0,161.12939995946363
50,50,TT00CD96,TT00CD96,Graphics Programming,5,10,10,TT00CD96__R000,TT00CD96,Graphics Programming,1.0,144.51200002804399
50,50,TT00CE05,TT00CE05,Data Analytics Project,1,10,10,TT00CE05__R000,TT00CE05,Data Analytics Project,1.0,150.22650000173599
50,50,TT00CE05,TT00CE05,Data Analytics Project,2,10,10,TT00CE05__R000,TT00CE05,Data Analytics Project,1.0,166.84520000126213
50,50,TT00CE05,TT00CE05,Data Analytics Project,3,10,10,TT00CE05__R000,TT00CE05,Data Analytics Project,1.0,155.01609997591004
50,50,TT00CE05,TT00CE05,Data Analytics Project,4,10,10,TT00CE05__R000,TT00CE05,Data Analytics Project,1.0,154.82240001438186
50,50,TT00CE05,TT00CE05,Data Analytics Project,5,10,10,TT00CE05__R000,TT00CE05,Data Analytics Project,1.0,165.13010003836825
50,50,TT00CD88,TT00CD88,Hardening,1,10,10,TT00CD88__R000,TT00CD88,Hardening,1.0,132.1174000040628
50,50,TT00CD88,TT00CD88,Hardening,2,10,10,TT00CD88__R000,TT00CD88,Hardening,1.0,132.9672000138089
50,50,TT00CD88,TT00CD88,Hardening,3,10,10,TT00CD88__R000,TT00CD88,Hardening,1.0,131.67410000460222
50,50,TT00CD88,TT00CD88,Hardening,4,10,10,TT00CD88__R000,TT00CD88,Hardening,1.0,173.6344999517314
50,50,TT00CD88,TT00CD88,Hardening,5,10,10,TT00CD88__R000,TT00CD88,Hardening,1.0,138.1431000190787
75,75,TT00CD81,TT00CD81,Databases,1,10,10,TT00CD81__R000,TT00CD81,Databases,1.0,242.21330002183095
75,75,TT00CD81,TT00CD81,Databases,2,10,10,TT00CD81__R000,TT00CD81,Databases,1.0,129.13720001233742
75,75,TT00CD81,TT00CD81,Databases,3,10,10,TT00CD81__R000,TT00CD81,Databases,1.0,138.57130001997575
75,75,TT00CD81,TT00CD81,Databases,4,10,10,TT00CD81__R000,TT00CD81,Databases,1.0,132.0860999985598
75,75,TT00CD81,TT00CD81,Databases,5,10,10,TT00CD81__R000,TT00CD81,Databases,1.0,152.0854000118561
75,75,TT00CE17,TT00CE17,Web Application Security Testing,1,10,10,TT00CE17__R000,TT00CE17,Web Application Security Testing,1.0,118.8331000157632
75,75,TT00CE17,TT00CE17,Web Application Security Testing,2,10,10,TT00CE17__R000,TT00CE17,Web Application Security Testing,1.0,159.748199977912
75,75,TT00CE17,TT00CE17,Web Application Security Testing,3,10,10,TT00CE17__R000,TT00CE17,Web Application Security Testing,1.0,218.87189999688417
75,75,TT00CE17,TT00CE17,Web Application Security Testing,4,10,10,TT00CE17__R000,TT00CE17,Web Application Security Testing,1.0,135.14119997853413
75,75,TT00CE17,TT00CE17,Web Application Security Testing,5,10,10,TT00CE17__R000,TT00CE17,Web Application Security Testing,1.0,140.74810000602156
75,75,TT00CE02,TT00CE02,Machine Learning: Regression Methods,1,10,10,TT00CE02__R000,TT00CE02,Machine Learning: Regression Methods,1.0,159.03300000354648
75,75,TT00CE02,TT00CE02,Machine Learning: Regression Methods,2,10,10,TT00CE02__R000,TT00CE02,Machine Learning: Regression Methods,1.0,134.78850002866238
75,75,TT00CE02,TT00CE02,Machine Learning: Regression Methods,3,10,10,TT00CE02__R000,TT00CE02,Machine Learning: Regression Methods,1.0,148.18080002442002
75,75,TT00CE02,TT00CE02,Machine Learning: Regression Methods,4,10,10,TT00CE02__R000,TT00CE02,Machine Learning: Regression Methods,1.0,156.04690002510324
75,75,TT00CE02,TT00CE02,Machine Learning: Regression Methods,5,10,10,TT00CE02__R000,TT00CE02,Machine Learning: Regression Methods,1.0,160.39039997849613
75,75,TT00DB42,TT00DB42,Data Structures and Algorithms,1,10,10,TT00DB42__R000,TT00DB42,Data Structures and Algorithms,1.0,140.1522000087425
75,75,TT00DB42,TT00DB42,Data Structures and Algorithms,2,10,10,TT00DB42__R000,TT00DB42,Data Structures and Algorithms,1.0,140.62350004678592
75,75,TT00DB42,TT00DB42,Data Structures and Algorithms,3,10,10,TT00DB42__R000,TT00DB42,Data Structures and Algorithms,1.0,140.42449998669326
75,75,TT00DB42,TT00DB42,Data Structures and Algorithms,4,10,10,TT00DB42__R000,TT00DB42,Data Structures and Algorithms,1.0,230.01299996394664
75,75,TT00DB42,TT00DB42,Data Structures and Algorithms,5,10,10,TT00DB42__R000,TT00DB42,Data Structures and Algorithms,1.0,134.30330000119284
75,75,TT00CD86,TT00CD86,Cyber Security,1,10,10,TT00CD86__R001,TT00CD86,Cyber Security,1.0,147.5815000012517
75,75,TT00CD86,TT00CD86,Cyber Security,2,10,10,TT00CD86__R001,TT00CD86,Cyber Security,1.0,146.936499979347
75,75,TT00CD86,TT00CD86,Cyber Security,3,10,10,TT00CD86__R001,TT00CD86,Cyber Security,1.0,170.44469999382272
75,75,TT00CD86,TT00CD86,Cyber Security,4,10,10,TT00CD86__R001,TT00CD86,Cyber Security,1.0,134.2774999793619
75,75,TT00CD86,TT00CD86,Cyber Security,5,10,10,TT00CD86__R001,TT00CD86,Cyber Security,1.0,159.85970001202077
75,75,TT00DS73,TT00DS73,Front-End Development,1,10,10,TT00DS73__R000,TT00DS73,Front-End Development,1.0,166.13809997215867
75,75,TT00DS73,TT00DS73,Front-End Development,2,10,10,TT00DS73__R000,TT00DS73,Front-End Development,1.0,129.81969997053966
75,75,TT00DS73,TT00DS73,Front-End Development,3,10,10,TT00DS73__R000,TT00DS73,Front-End Development,1.0,154.38490000087768
75,75,TT00DS73,TT00DS73,Front-End Development,4,10,10,TT00DS73__R000,TT00DS73,Front-End Development,1.0,169.01430004509166
75,75,TT00DS73,TT00DS73,Front-End Development,5,10,10,TT00DS73__R000,TT00DS73,Front-End Development,1.0,160.94319999683648
75,75,TT00CD98,TT00CD98,Mathematical Foundations of Machine Learning,1,10,10,TT00CD98__R000,TT00CD98,Mathematical Foundations of Machine Learning,1.0,127.18160002259538
75,75,TT00CD98,TT00CD98,Mathematical Foundations of Machine Learning,2,10,10,TT00CD98__R000,TT00CD98,Mathematical Foundations of Machine Learning,1.0,142.62729999609292
75,75,TT00CD98,TT00CD98,Mathematical Foundations of Machine Learning,3,10,10,TT00CD98__R000,TT00CD98,Mathematical Foundations of Machine Learning,1.0,164.12659996422008
75,75,TT00CD98,TT00CD98,Mathematical Foundations of Machine Learning,4,10,10,TT00CD98__R000,TT00CD98,Mathematical Foundations of Machine Learning,1.0,137.27019994985312
75,75,TT00CD98,TT00CD98,Mathematical Foundations of Machine Learning,5,10,10,TT00CD98__R000,TT00CD98,Mathematical Foundations of Machine Learning,1.0,155.6799999671057
75,75,TT00CD96,TT00CD96,Graphics Programming,1,10,10,TT00CD96__R000,TT00CD96,Graphics Programming,1.0,170.17759999725968
75,75,TT00CD96,TT00CD96,Graphics Programming,2,10,10,TT00CD96__R000,TT00CD96,Graphics Programming,1.0,144.91430000634864
75,75,TT00CD96,TT00CD96,Graphics Programming,3,10,10,TT00CD96__R000,TT00CD96,Graphics Programming,1.0,143.99889996275306
75,75,TT00CD96,TT00CD96,Graphics Programming,4,10,10,TT00CD96__R000,TT00CD96,Graphics Programming,1.0,183.29590000212193
75,75,TT00CD96,TT00CD96,Graphics Programming,5,10,10,TT00CD96__R000,TT00CD96,Graphics Programming,1.0,143.82460003253073
75,75,TT00CE05,TT00CE05,Data Analytics Project,1,10,10,TT00CE05__R000,TT00CE05,Data Analytics Project,1.0,167.6312999916263
75,75,TT00CE05,TT00CE05,Data Analytics Project,2,10,10,TT00CE05__R000,TT00CE05,Data Analytics Project,1.0,131.1254000174813
75,75,TT00CE05,TT00CE05,Data Analytics Project,3,10,10,TT00CE05__R000,TT00CE05,Data Analytics Project,1.0,135.65309997648
75,75,TT00CE05,TT00CE05,Data Analytics Project,4,10,10,TT00CE05__R000,TT00CE05,Data Analytics Project,1.0,139.31470003444701
75,75,TT00CE05,TT00CE05,Data Analytics Project,5,10,10,TT00CE05__R000,TT00CE05,Data Analytics Project,1.0,137.96480000019073
75,75,TT00CD88,TT00CD88,Hardening,1,10,10,TT00CD88__R000,TT00CD88,Hardening,1.0,146.9908999861218
75,75,TT00CD88,TT00CD88,Hardening,2,10,10,TT00CD88__R000,TT00CD88,Hardening,1.0,125.65570004517213
75,75,TT00CD88,TT00CD88,Hardening,3,10,10,TT00CD88__R000,TT00CD88,Hardening,1.0,147.9206999647431
75,75,TT00CD88,TT00CD88,Hardening,4,10,10,TT00CD88__R000,TT00CD88,Hardening,1.0,138.88530002441257
75,75,TT00CD88,TT00CD88,Hardening,5,10,10,TT00CD88__R000,TT00CD88,Hardening,1.0,139.07089998247102
100,100,TT00CD81,TT00CD81,Databases,1,10,10,TT00CD81__R000,TT00CD81,Databases,1.0,157.6284000184387
100,100,TT00CD81,TT00CD81,Databases,2,10,10,TT00CD81__R000,TT00CD81,Databases,1.0,138.4912999928929
100,100,TT00CD81,TT00CD81,Databases,3,10,10,TT00CD81__R000,TT00CD81,Databases,1.0,166.21930000837892
100,100,TT00CD81,TT00CD81,Databases,4,10,10,TT00CD81__R000,TT00CD81,Databases,1.0,148.66690000053495
100,100,TT00CD81,TT00CD81,Databases,5,10,10,TT00CD81__R000,TT00CD81,Databases,1.0,125.54739997722208
100,100,TT00CE17,TT00CE17,Web Application Security Testing,1,10,10,TT00CE17__R000,TT00CE17,Web Application Security Testing,1.0,139.4391999929212
100,100,TT00CE17,TT00CE17,Web Application Security Testing,2,10,10,TT00CE17__R000,TT00CE17,Web Application Security Testing,1.0,202.66159996390343
100,100,TT00CE17,TT00CE17,Web Application Security Testing,3,10,10,TT00CE17__R000,TT00CE17,Web Application Security Testing,1.0,172.66430001473054
100,100,TT00CE17,TT00CE17,Web Application Security Testing,4,10,10,TT00CE17__R000,TT00CE17,Web Application Security Testing,1.0,171.66829999769107
100,100,TT00CE17,TT00CE17,Web Application Security Testing,5,10,10,TT00CE17__R000,TT00CE17,Web Application Security Testing,1.0,207.16300001367927
100,100,TT00CE02,TT00CE02,Machine Learning: Regression Methods,1,10,10,TT00CE02__R001,TT00CE02,Machine Learning: Regression Methods,1.0,141.40319998841733
100,100,TT00CE02,TT00CE02,Machine Learning: Regression Methods,2,10,10,TT00CE02__R001,TT00CE02,Machine Learning: Regression Methods,1.0,150.4745000274852
100,100,TT00CE02,TT00CE02,Machine Learning: Regression Methods,3,10,10,TT00CE02__R001,TT00CE02,Machine Learning: Regression Methods,1.0,159.16500001912937
100,100,TT00CE02,TT00CE02,Machine Learning: Regression Methods,4,10,10,TT00CE02__R001,TT00CE02,Machine Learning: Regression Methods,1.0,128.7051000399515
100,100,TT00CE02,TT00CE02,Machine Learning: Regression Methods,5,10,10,TT00CE02__R001,TT00CE02,Machine Learning: Regression Methods,1.0,142.79199996963143
100,100,TT00DB42,TT00DB42,Data Structures and Algorithms,1,10,10,TT00DB42__R000,TT00DB42,Data Structures and Algorithms,1.0,156.15419996902347
100,100,TT00DB42,TT00DB42,Data Structures and Algorithms,2,10,10,TT00DB42__R000,TT00DB42,Data Structures and Algorithms,1.0,137.84759998088703
100,100,TT00DB42,TT00DB42,Data Structures and Algorithms,3,10,10,TT00DB42__R000,TT00DB42,Data Structures and Algorithms,1.0,144.3153999862261
100,100,TT00DB42,TT00DB42,Data Structures and Algorithms,4,10,10,TT00DB42__R000,TT00DB42,Data Structures and Algorithms,1.0,174.6932999812998
100,100,TT00DB42,TT00DB42,Data Structures and Algorithms,5,10,10,TT00DB42__R000,TT00DB42,Data Structures and Algorithms,1.0,147.6723999949172
100,100,TT00CD86,TT00CD86,Cyber Security,1,10,10,TT00CD86__R000,TT00CD86,Cyber Security,1.0,130.27759996475652
100,100,TT00CD86,TT00CD86,Cyber Security,2,10,10,TT00CD86__R000,TT00CD86,Cyber Security,1.0,126.94589997408912
100,100,TT00CD86,TT00CD86,Cyber Security,3,10,10,TT00CD86__R000,TT00CD86,Cyber Security,1.0,167.7660000277683
100,100,TT00CD86,TT00CD86,Cyber Security,4,10,10,TT00CD86__R000,TT00CD86,Cyber Security,1.0,156.74919995944947
100,100,TT00CD86,TT00CD86,Cyber Security,5,10,10,TT00CD86__R000,TT00CD86,Cyber Security,1.0,144.55480000469834
100,100,TT00DS73,TT00DS73,Front-End Development,1,10,10,TT00DS73__R000,TT00DS73,Front-End Development,1.0,142.31029996881261
100,100,TT00DS73,TT00DS73,Front-End Development,2,10,10,TT00DS73__R000,TT00DS73,Front-End Development,1.0,146.57489996170625
100,100,TT00DS73,TT00DS73,Front-End Development,3,10,10,TT00DS73__R000,TT00DS73,Front-End Development,1.0,133.11809999868274
100,100,TT00DS73,TT00DS73,Front-End Development,4,10,10,TT00DS73__R000,TT00DS73,Front-End Development,1.0,138.77349998801947
100,100,TT00DS73,TT00DS73,Front-End Development,5,10,10,TT00DS73__R000,TT00DS73,Front-End Development,1.0,145.51310002570972
100,100,TT00CD98,TT00CD98,Mathematical Foundations of Machine Learning,1,10,10,TT00CD98__R001,TT00CD98,Mathematical Foundations of Machine Learning,1.0,153.22189999278635
100,100,TT00CD98,TT00CD98,Mathematical Foundations of Machine Learning,2,10,10,TT00CD98__R001,TT00CD98,Mathematical Foundations of Machine Learning,1.0,374.64430002728477
100,100,TT00CD98,TT00CD98,Mathematical Foundations of Machine Learning,3,10,10,TT00CD98__R001,TT00CD98,Mathematical Foundations of Machine Learning,1.0,138.49139999365434
100,100,TT00CD98,TT00CD98,Mathematical Foundations of Machine Learning,4,10,10,TT00CD98__R001,TT00CD98,Mathematical Foundations of Machine Learning,1.0,154.78479996090755
100,100,TT00CD98,TT00CD98,Mathematical Foundations of Machine Learning,5,10,10,TT00CD98__R001,TT00CD98,Mathematical Foundations of Machine Learning,1.0,151.22180001344532
100,100,TT00CD96,TT00CD96,Graphics Programming,1,10,10,TT00CD96__R000,TT00CD96,Graphics Programming,1.0,135.85690001491457
100,100,TT00CD96,TT00CD96,Graphics Programming,2,10,10,TT00CD96__R000,TT00CD96,Graphics Programming,1.0,171.39050003606826
100,100,TT00CD96,TT00CD96,Graphics Programming,3,10,10,TT00CD96__R000,TT00CD96,Graphics Programming,1.0,153.19799998542294
100,100,TT00CD96,TT00CD96,Graphics Programming,4,10,10,TT00CD96__R000,TT00CD96,Graphics Programming,1.0,153.18540000589564
100,100,TT00CD96,TT00CD96,Graphics Programming,5,10,10,TT00CD96__R000,TT00CD96,Graphics Programming,1.0,161.9475000188686
100,100,TT00CE05,TT00CE05,Data Analytics Project,1,10,10,TT00CE05__R001,TT00CE05,Data Analytics Project,1.0,118.72319999383762
100,100,TT00CE05,TT00CE05,Data Analytics Project,2,10,10,TT00CE05__R001,TT00CE05,Data Analytics Project,1.0,114.0482000191696
100,100,TT00CE05,TT00CE05,Data Analytics Project,3,10,10,TT00CE05__R001,TT00CE05,Data Analytics Project,1.0,192.56190001033247
100,100,TT00CE05,TT00CE05,Data Analytics Project,4,10,10,TT00CE05__R001,TT00CE05,Data Analytics Project,1.0,146.39619999798015
100,100,TT00CE05,TT00CE05,Data Analytics Project,5,10,10,TT00CE05__R001,TT00CE05,Data Analytics Project,1.0,142.3328000237234
100,100,TT00CD88,TT00CD88,Hardening,1,10,10,TT00CD88__R000,TT00CD88,Hardening,1.0,167.6057999720797
100,100,TT00CD88,TT00CD88,Hardening,2,10,10,TT00CD88__R000,TT00CD88,Hardening,1.0,144.70429997891188
100,100,TT00CD88,TT00CD88,Hardening,3,10,10,TT00CD88__R000,TT00CD88,Hardening,1.0,218.45439996104687
100,100,TT00CD88,TT00CD88,Hardening,4,10,10,TT00CD88__R000,TT00CD88,Hardening,1.0,179.21309999655932
100,100,TT00CD88,TT00CD88,Hardening,5,10,10,TT00CD88__R000,TT00CD88,Hardening,1.0,134.93719999678433
125,125,TT00CD81,TT00CD81,Databases,1,10,10,TT00CD81__R002,TT00CD81,Databases,1.0,140.7671000342816
125,125,TT00CD81,TT00CD81,Databases,2,10,10,TT00CD81__R002,TT00CD81,Databases,1.0,136.976899986621
125,125,TT00CD81,TT00CD81,Databases,3,10,10,TT00CD81__R002,TT00CD81,Databases,1.0,161.16840002359822
125,125,TT00CD81,TT00CD81,Databases,4,10,10,TT00CD81__R002,TT00CD81,Databases,1.0,158.73580001061782
125,125,TT00CD81,TT00CD81,Databases,5,10,10,TT00CD81__R002,TT00CD81,Databases,1.0,160.42489995015785
125,125,TT00CE17,TT00CE17,Web Application Security Testing,1,10,10,TT00CE17__R000,TT00CE17,Web Application Security Testing,1.0,157.44229999836534
125,125,TT00CE17,TT00CE17,Web Application Security Testing,2,10,10,TT00CE17__R000,TT00CE17,Web Application Security Testing,1.0,155.26949998456985
125,125,TT00CE17,TT00CE17,Web Application Security Testing,3,10,10,TT00CE17__R000,TT00CE17,Web Application Security Testing,1.0,156.9584999815561
125,125,TT00CE17,TT00CE17,Web Application Security Testing,4,10,10,TT00CE17__R000,TT00CE17,Web Application Security Testing,1.0,150.19829996163025
125,125,TT00CE17,TT00CE17,Web Application Security Testing,5,10,10,TT00CE17__R000,TT00CE17,Web Application Security Testing,1.0,169.06110005220398
125,125,TT00CE02,TT00CE02,Machine Learning: Regression Methods,1,10,10,TT00CE02__R001,TT00CE02,Machine Learning: Regression Methods,1.0,278.63289997912943
125,125,TT00CE02,TT00CE02,Machine Learning: Regression Methods,2,10,10,TT00CE02__R001,TT00CE02,Machine Learning: Regression Methods,1.0,156.35179996024817
125,125,TT00CE02,TT00CE02,Machine Learning: Regression Methods,3,10,10,TT00CE02__R001,TT00CE02,Machine Learning: Regression Methods,1.0,128.31109995022416
125,125,TT00CE02,TT00CE02,Machine Learning: Regression Methods,4,10,10,TT00CE02__R001,TT00CE02,Machine Learning: Regression Methods,1.0,151.72330004861578
125,125,TT00CE02,TT00CE02,Machine Learning: Regression Methods,5,10,10,TT00CE02__R001,TT00CE02,Machine Learning: Regression Methods,1.0,152.35709998523816
125,125,TT00DB42,TT00DB42,Data Structures and Algorithms,1,10,10,TT00DB42__R001,TT00DB42,Data Structures and Algorithms,1.0,153.89920002780855
125,125,TT00DB42,TT00DB42,Data Structures and Algorithms,2,10,10,TT00DB42__R001,TT00DB42,Data Structures and Algorithms,1.0,186.4344000350684
125,125,TT00DB42,TT00DB42,Data Structures and Algorithms,3,10,10,TT00DB42__R001,TT00DB42,Data Structures and Algorithms,1.0,150.6194999674335
125,125,TT00DB42,TT00DB42,Data Structures and Algorithms,4,10,10,TT00DB42__R001,TT00DB42,Data Structures and Algorithms,1.0,156.02920000674203
125,125,TT00DB42,TT00DB42,Data Structures and Algorithms,5,10,10,TT00DB42__R001,TT00DB42,Data Structures and Algorithms,1.0,209.40110000083223
125,125,TT00CD86,TT00CD86,Cyber Security,1,10,10,TT00CD86__R001,TT00CD86,Cyber Security,1.0,148.61450000898913
125,125,TT00CD86,TT00CD86,Cyber Security,2,10,10,TT00CD86__R001,TT00CD86,Cyber Security,1.0,199.66639997437596
125,125,TT00CD86,TT00CD86,Cyber Security,3,10,10,TT00CD86__R001,TT00CD86,Cyber Security,1.0,142.15000002877787
125,125,TT00CD86,TT00CD86,Cyber Security,4,10,10,TT00CD86__R001,TT00CD86,Cyber Security,1.0,153.5384000162594
125,125,TT00CD86,TT00CD86,Cyber Security,5,10,10,TT00CD86__R001,TT00CD86,Cyber Security,1.0,143.60589999705553
125,125,TT00DS73,TT00DS73,Front-End Development,1,10,10,TT00DS73__R000,TT00DS73,Front-End Development,1.0,152.52920001512393
125,125,TT00DS73,TT00DS73,Front-End Development,2,10,10,TT00DS73__R000,TT00DS73,Front-End Development,1.0,136.17209997028112
125,125,TT00DS73,TT00DS73,Front-End Development,3,10,10,TT00DS73__R000,TT00DS73,Front-End Development,1.0,135.1791000342928
125,125,TT00DS73,TT00DS73,Front-End Development,4,10,10,TT00DS73__R000,TT00DS73,Front-End Development,1.0,148.7391999689862
125,125,TT00DS73,TT00DS73,Front-End Development,5,10,10,TT00DS73__R000,TT00DS73,Front-End Development,1.0,164.3673000507988
125,125,TT00CD98,TT00CD98,Mathematical Foundations of Machine Learning,1,10,10,TT00CD98__R001,TT00CD98,Mathematical Foundations of Machine Learning,1.0,144.17569997021928
125,125,TT00CD98,TT00CD98,Mathematical Foundations of Machine Learning,2,10,10,TT00CD98__R001,TT00CD98,Mathematical Foundations of Machine Learning,1.0,147.2341000335291
125,125,TT00CD98,TT00CD98,Mathematical Foundations of Machine Learning,3,10,10,TT00CD98__R001,TT00CD98,Mathematical Foundations of Machine Learning,1.0,148.83970003575087
125,125,TT00CD98,TT00CD98,Mathematical Foundations of Machine Learning,4,10,10,TT00CD98__R001,TT00CD98,Mathematical Foundations of Machine Learning,1.0,135.43160003609955
125,125,TT00CD98,TT00CD98,Mathematical Foundations of Machine Learning,5,10,10,TT00CD98__R001,TT00CD98,Mathematical Foundations of Machine Learning,1.0,162.4838999705389
125,125,TT00CD96,TT00CD96,Graphics Programming,1,10,10,TT00CD96__R000,TT00CD96,Graphics Programming,1.0,160.15020001213998
125,125,TT00CD96,TT00CD96,Graphics Programming,2,10,10,TT00CD96__R000,TT00CD96,Graphics Programming,1.0,181.05689994990826
125,125,TT00CD96,TT00CD96,Graphics Programming,3,10,10,TT00CD96__R000,TT00CD96,Graphics Programming,1.0,171.54469998786226
125,125,TT00CD96,TT00CD96,Graphics Programming,4,10,10,TT00CD96__R000,TT00CD96,Graphics Programming,1.0,175.65879999892786
125,125,TT00CD96,TT00CD96,Graphics Programming,5,10,10,TT00CD96__R000,TT00CD96,Graphics Programming,1.0,126.6027000383474
125,125,TT00CE05,TT00CE05,Data Analytics Project,1,10,10,TT00CE05__R001,TT00CE05,Data Analytics Project,1.0,146.08370000496507
125,125,TT00CE05,TT00CE05,Data Analytics Project,2,10,10,TT00CE05__R001,TT00CE05,Data Analytics Project,1.0,138.41580000007525
125,125,TT00CE05,TT00CE05,Data Analytics Project,3,10,10,TT00CE05__R001,TT00CE05,Data Analytics Project,1.0,143.087700009346
125,125,TT00CE05,TT00CE05,Data Analytics Project,4,10,10,TT00CE05__R001,TT00CE05,Data Analytics Project,1.0,199.9931000173092
125,125,TT00CE05,TT00CE05,Data Analytics Project,5,10,10,TT00CE05__R001,TT00CE05,Data Analytics Project,1.0,194.98129998100922
125,125,TT00CD88,TT00CD88,Hardening,1,10,10,TT00CD88__R002,TT00CD88,Hardening,1.0,141.24180004000664
125,125,TT00CD88,TT00CD88,Hardening,2,10,10,TT00CD88__R002,TT00CD88,Hardening,1.0,155.5911999894306
125,125,TT00CD88,TT00CD88,Hardening,3,10,10,TT00CD88__R002,TT00CD88,Hardening,1.0,147.8126000147313
125,125,TT00CD88,TT00CD88,Hardening,4,10,10,TT00CD88__R002,TT00CD88,Hardening,1.0,192.9054000065662
125,125,TT00CD88,TT00CD88,Hardening,5,10,10,TT00CD88__R002,TT00CD88,Hardening,1.0,138.47520004492253
150,150,TT00CD81,TT00CD81,Databases,1,10,10,TT00CD81__R002,TT00CD81,Databases,1.0,149.6532000019215
150,150,TT00CD81,TT00CD81,Databases,2,10,10,TT00CD81__R002,TT00CD81,Databases,1.0,185.65830000443384
150,150,TT00CD81,TT00CD81,Databases,3,10,10,TT00CD81__R002,TT00CD81,Databases,1.0,162.29120001662523
150,150,TT00CD81,TT00CD81,Databases,4,10,10,TT00CD81__R002,TT00CD81,Databases,1.0,147.18540001194924
150,150,TT00CD81,TT00CD81,Databases,5,10,10,TT00CD81__R002,TT00CD81,Databases,1.0,159.94509996380657
150,150,TT00CE17,TT00CE17,Web Application Security Testing,1,10,10,TT00CE17__R002,TT00CE17,Web Application Security Testing,1.0,159.3536000000313
150,150,TT00CE17,TT00CE17,Web Application Security Testing,2,10,10,TT00CE17__R002,TT00CE17,Web Application Security Testing,1.0,161.66789998533204
150,150,TT00CE17,TT00CE17,Web Application Security Testing,3,10,10,TT00CE17__R002,TT00CE17,Web Application Security Testing,1.0,166.6207000380382
150,150,TT00CE17,TT00CE17,Web Application Security Testing,4,10,10,TT00CE17__R002,TT00CE17,Web Application Security Testing,1.0,194.30309999734163
150,150,TT00CE17,TT00CE17,Web Application Security Testing,5,10,10,TT00CE17__R002,TT00CE17,Web Application Security Testing,1.0,223.68239995557815
150,150,TT00CE02,TT00CE02,Machine Learning: Regression Methods,1,10,10,TT00CE02__R000,TT00CE02,Machine Learning: Regression Methods,1.0,188.1450000219047
150,150,TT00CE02,TT00CE02,Machine Learning: Regression Methods,2,10,10,TT00CE02__R000,TT00CE02,Machine Learning: Regression Methods,1.0,131.99560000794008
150,150,TT00CE02,TT00CE02,Machine Learning: Regression Methods,3,10,10,TT00CE02__R000,TT00CE02,Machine Learning: Regression Methods,1.0,188.0754999583587
150,150,TT00CE02,TT00CE02,Machine Learning: Regression Methods,4,10,10,TT00CE02__R000,TT00CE02,Machine Learning: Regression Methods,1.0,127.65340000623837
150,150,TT00CE02,TT00CE02,Machine Learning: Regression Methods,5,10,10,TT00CE02__R000,TT00CE02,Machine Learning: Regression Methods,1.0,142.3300000024028
150,150,TT00DB42,TT00DB42,Data Structures and Algorithms,1,10,10,TT00DB42__R002,TT00DB42,Data Structures and Algorithms,1.0,149.30240000830963
150,150,TT00DB42,TT00DB42,Data Structures and Algorithms,2,10,10,TT00DB42__R002,TT00DB42,Data Structures and Algorithms,1.0,155.40089999558404
150,150,TT00DB42,TT00DB42,Data Structures and Algorithms,3,10,10,TT00DB42__R002,TT00DB42,Data Structures and Algorithms,1.0,150.00590001000091
150,150,TT00DB42,TT00DB42,Data Structures and Algorithms,4,10,10,TT00DB42__R002,TT00DB42,Data Structures and Algorithms,1.0,136.27369998721406
150,150,TT00DB42,TT00DB42,Data Structures and Algorithms,5,10,10,TT00DB42__R002,TT00DB42,Data Structures and Algorithms,1.0,322.53380003385246
150,150,TT00CD86,TT00CD86,Cyber Security,1,10,10,TT00CD86__R002,TT00CD86,Cyber Security,1.0,155.82380001433194
150,150,TT00CD86,TT00CD86,Cyber Security,2,10,10,TT00CD86__R002,TT00CD86,Cyber Security,1.0,185.76650001341477
150,150,TT00CD86,TT00CD86,Cyber Security,3,10,10,TT00CD86__R002,TT00CD86,Cyber Security,1.0,329.563099949155
150,150,TT00CD86,TT00CD86,Cyber Security,4,10,10,TT00CD86__R002,TT00CD86,Cyber Security,1.0,178.6454999819398
150,150,TT00CD86,TT00CD86,Cyber Security,5,10,10,TT00CD86__R002,TT00CD86,Cyber Security,1.0,146.5029999963008
150,150,TT00DS73,TT00DS73,Front-End Development,1,10,10,TT00DS73__R000,TT00DS73,Front-End Development,1.0,144.87359998747706
150,150,TT00DS73,TT00DS73,Front-End Development,2,10,10,TT00DS73__R000,TT00DS73,Front-End Development,1.0,161.2565999967046
150,150,TT00DS73,TT00DS73,Front-End Development,3,10,10,TT00DS73__R000,TT00DS73,Front-End Development,1.0,210.41919995332137
150,150,TT00DS73,TT00DS73,Front-End Development,4,10,10,TT00DS73__R000,TT00DS73,Front-End Development,1.0,161.95280000101775
150,150,TT00DS73,TT00DS73,Front-End Development,5,10,10,TT00DS73__R000,TT00DS73,Front-End Development,1.0,148.23399996384978
150,150,TT00CD98,TT00CD98,Mathematical Foundations of Machine Learning,1,10,10,TT00CD98__R000,TT00CD98,Mathematical Foundations of Machine Learning,1.0,159.73019995726645
150,150,TT00CD98,TT00CD98,Mathematical Foundations of Machine Learning,2,10,10,TT00CD98__R000,TT00CD98,Mathematical Foundations of Machine Learning,1.0,154.90460000000894
150,150,TT00CD98,TT00CD98,Mathematical Foundations of Machine Learning,3,10,10,TT00CD98__R000,TT00CD98,Mathematical Foundations of Machine Learning,1.0,161.4865000010468
150,150,TT00CD98,TT00CD98,Mathematical Foundations of Machine Learning,4,10,10,TT00CD98__R000,TT00CD98,Mathematical Foundations of Machine Learning,1.0,186.94579997099936
150,150,TT00CD98,TT00CD98,Mathematical Foundations of Machine Learning,5,10,10,TT00CD98__R000,TT00CD98,Mathematical Foundations of Machine Learning,1.0,174.03930000727996
150,150,TT00CD96,TT00CD96,Graphics Programming,1,10,10,TT00CD96__R002,TT00CD96,Graphics Programming,1.0,180.52920000627637
150,150,TT00CD96,TT00CD96,Graphics Programming,2,10,10,TT00CD96__R002,TT00CD96,Graphics Programming,1.0,139.02549998601899
150,150,TT00CD96,TT00CD96,Graphics Programming,3,10,10,TT00CD96__R002,TT00CD96,Graphics Programming,1.0,162.55419998196885
150,150,TT00CD96,TT00CD96,Graphics Programming,4,10,10,TT00CD96__R002,TT00CD96,Graphics Programming,1.0,189.44119999650866
150,150,TT00CD96,TT00CD96,Graphics Programming,5,10,10,TT00CD96__R002,TT00CD96,Graphics Programming,1.0,205.07760002510622
150,150,TT00CE05,TT00CE05,Data Analytics Project,1,10,10,TT00CE05__R000,TT00CE05,Data Analytics Project,1.0,198.56570003321394
150,150,TT00CE05,TT00CE05,Data Analytics Project,2,10,10,TT00CE05__R000,TT00CE05,Data Analytics Project,1.0,119.7363999672234
150,150,TT00CE05,TT00CE05,Data Analytics Project,3,10,10,TT00CE05__R000,TT00CE05,Data Analytics Project,1.0,157.10549999494106
150,150,TT00CE05,TT00CE05,Data Analytics Project,4,10,10,TT00CE05__R000,TT00CE05,Data Analytics Project,1.0,160.60790000483394
150,150,TT00CE05,TT00CE05,Data Analytics Project,5,10,10,TT00CE05__R000,TT00CE05,Data Analytics Project,1.0,246.73139996593818
150,150,TT00CD88,TT00CD88,Hardening,1,10,10,TT00CD88__R000,TT00CD88,Hardening,1.0,139.68739996198565
150,150,TT00CD88,TT00CD88,Hardening,2,10,10,TT00CD88__R000,TT00CD88,Hardening,1.0,131.5850000246428
150,150,TT00CD88,TT00CD88,Hardening,3,10,10,TT00CD88__R000,TT00CD88,Hardening,1.0,162.75130002759397
150,150,TT00CD88,TT00CD88,Hardening,4,10,10,TT00CD88__R000,TT00CD88,Hardening,1.0,159.27010000450537
150,150,TT00CD88,TT00CD88,Hardening,5,10,10,TT00CD88__R000,TT00CD88,Hardening,1.0,198.47080000909045
