benchmark_corpus_size,query_course_unit_code,query_course_name,runs,mean_elapsed_ms,median_elapsed_ms,min_elapsed_ms,max_elapsed_ms,std_elapsed_ms
50,TT00CD81,Databases,5,190.1018,180.0065,160.6917,242.7761,31.6375
50,TT00CE17,Web Application Security Testing,5,175.3036,179.9732,121.9102,230.5179,42.8303
50,TT00CE02,Machine Learning: Regression Methods,5,160.9304,160.3419,132.4323,201.9864,28.8585
50,TT00CE05,Data Analytics Project,5,158.4081,155.0161,150.2265,166.8452,7.2054
50,TT00CD96,Graphics Programming,5,151.3639,152.541,133.9001,164.7371,12.5252
50,TT00CD98,Mathematical Foundations of Machine Learning,5,150.6826,147.4074,130.6525,183.5758,19.7268
50,TT00DS73,Front-End Development,5,146.1784,148.8141,130.3019,158.4416,12.2709
50,TT00DB42,Data Structures and Algorithms,5,143.328,137.1716,131.7226,168.6543,15.5159
50,TT00CD88,Hardening,5,141.7073,132.9672,131.6741,173.6345,18.0352
50,TT00CD86,Cyber Security,5,139.2763,140.9699,121.1467,164.4879,16.9917
75,TT00CD81,Databases,5,158.8187,138.5713,129.1372,242.2133,47.4489
75,TT00CD96,Graphics Programming,5,157.2423,144.9143,143.8246,183.2959,18.3951
75,TT00DB42,Data Structures and Algorithms,5,157.1033,140.4245,134.3033,230.013,40.8435
75,TT00DS73,Front-End Development,5,156.06,160.9432,129.8197,169.0143,15.6891
75,TT00CE17,Web Application Security Testing,5,154.6685,140.7481,118.8331,218.8719,38.7529
75,TT00CD86,Cyber Security,5,151.82,147.5815,134.2775,170.4447,13.7937
75,TT00CE02,Machine Learning: Regression Methods,5,151.6879,156.0469,134.7885,160.3904,10.5662
75,TT00CD98,Mathematical Foundations of Machine Learning,5,145.3771,142.6273,127.1816,164.1266,14.6804
75,TT00CE05,Data Analytics Project,5,142.3379,137.9648,131.1254,167.6313,14.4778
75,TT00CD88,Hardening,5,139.7047,139.0709,125.6557,147.9207,8.9308
100,TT00CD98,Mathematical Foundations of Machine Learning,5,194.4728,153.2219,138.4914,374.6443,100.9246
100,TT00CE17,Web Application Security Testing,5,178.7193,172.6643,139.4392,207.163,27.4389
100,TT00CD88,Hardening,5,168.983,167.6058,134.9372,218.4544,32.7969
100,TT00CD96,Graphics Programming,5,155.1157,153.198,135.8569,171.3905,13.1325
100,TT00DB42,Data Structures and Algorithms,5,152.1366,147.6724,137.8476,174.6933,14.2322
100,TT00CD81,Databases,5,147.3107,148.6669,125.5474,166.2193,15.9472
100,TT00CD86,Cyber Security,5,145.2587,144.5548,126.9459,167.766,17.3126
100,TT00CE02,Machine Learning: Regression Methods,5,144.508,142.792,128.7051,159.165,11.3219
100,TT00CE05,Data Analytics Project,5,142.8125,142.3328,114.0482,192.5619,31.208
100,TT00DS73,Front-End Development,5,141.258,142.3103,133.1181,146.5749,5.4752
125,TT00CE02,Machine Learning: Regression Methods,5,173.4752,152.3571,128.3111,278.6329,59.8128
125,TT00DB42,Data Structures and Algorithms,5,171.2767,156.0292,150.6195,209.4011,25.7119
125,TT00CE05,Data Analytics Project,5,164.5123,146.0837,138.4158,199.9931,30.2775
125,TT00CD96,Graphics Programming,5,163.0027,171.5447,126.6027,181.0569,21.7497
125,TT00CE17,Web Application Security Testing,5,157.7859,156.9585,150.1983,169.0611,6.9253
125,TT00CD86,Cyber Security,5,157.515,148.6145,142.15,199.6664,23.986
125,TT00CD88,Hardening,5,155.2052,147.8126,138.4752,192.9054,22.0849
125,TT00CD81,Databases,5,151.6146,158.7358,136.9769,161.1684,11.7424
125,TT00CD98,Mathematical Foundations of Machine Learning,5,147.633,147.2341,135.4316,162.4839,9.7851
125,TT00DS73,Front-End Development,5,147.3974,148.7392,135.1791,164.3673,12.1594
150,TT00CD86,Cyber Security,5,199.2604,178.6455,146.503,329.5631,74.5921
150,TT00DB42,Data Structures and Algorithms,5,182.7033,150.0059,136.2737,322.5338,78.4832
150,TT00CE17,Web Application Security Testing,5,181.1255,166.6207,159.3536,223.6824,27.6032
150,TT00CE05,Data Analytics Project,5,176.5494,160.6079,119.7364,246.7314,48.1408
150,TT00CD96,Graphics Programming,5,175.3255,180.5292,139.0255,205.0776,25.4574
150,TT00CD98,Mathematical Foundations of Machine Learning,5,167.4213,161.4865,154.9046,186.9458,13.0004
150,TT00DS73,Front-End Development,5,165.3472,161.2566,144.8736,210.4192,26.3238
150,TT00CD81,Databases,5,160.9466,159.9451,147.1854,185.6583,15.2512
150,TT00CD88,Hardening,5,158.3529,159.2701,131.585,198.4708,25.9545
150,TT00CE02,Machine Learning: Regression Methods,5,155.6399,142.33,127.6534,188.145,30.1169
